FIPS,GDP_ALL,OBJECTID
21007,214356000,1
21017,1069212000,2
21031,328460000,3
21065,232496000,4
21069,322647000,5
21093,5346713000,6
21099,601862000,7
21131,184655000,8
21151,3201644000,9
21155,944095000,10
21179,1692442000,11
17091,6450764000,12
17187,879281000,13
17197,33786771000,14
18027,1350282000,15
18061,1153763000,16
1001,1737286000,17
1005,834832000,18
1023,610383000,19
1035,418672000,20
1051,1968275000,21
1055,3348964000,22
1065,308856000,23
1089,25685120000,24
1113,1580339000,25
1117,11558142000,26
2016,459296000,27
2130,989501000,28
2180,486212000,29
2282,34860000,30
5011,372746000,31
5015,872556000,32
5019,862641000,33
5025,124521000,34
5063,1902860000,35
5067,702977000,36
5121,496973000,37
6001,146210749000,38
6003,133889000,39
6005,2067676000,40
6013,80217242000,41
6019,50736641000,42
6023,6906095000,43
6033,2532409000,44
6037,819446415000,45
6047,10922271000,46
6057,5181790000,47
6081,134541113000,48
6085,331938134000,49
6115,3836625000,50
8013,30176559000,51
8029,956666000,52
8049,958729000,53
8077,7096665000,54
8083,1414583000,55
8091,250115000,56
9009,55285964000,57
11001,143389328000,58
12009,27485088000,59
12023,2510201000,60
12039,1442605000,61
12055,2909319000,62
12065,316572000,63
12073,16623051000,64
12095,103445017000,65
12107,2403823000,66
12123,891956000,67
12127,19705922000,68
12131,3247526000,69
12133,610847000,70
13009,1475649000,71
13027,421336000,72
13103,1983277000,73
13121,179216627000,74
13141,195031000,75
13149,1334546000,76
13179,3696805000,77
13183,135545000,78
13189,724589000,79
13209,195713000,80
13229,474714000,81
13267,644062000,82
13271,367590000,83
13291,799972000,84
13305,958274000,85
13319,566890000,86
15007,4448334000,87
16015,273895000,88
16023,1203776000,89
16025,70616000,90
16027,6701550000,91
16037,176936000,92
16039,1380533000,93
16043,440341000,94
16061,165534000,95
16063,285060000,96
16085,568561000,97
19175,635687000,98
20053,310232000,99
20095,332540000,100
20135,197587000,101
20199,113556000,102
48011,68599000,103
48025,818155000,104
48035,614816000,105
48053,1695373000,106
48055,934670000,107
48083,239476000,108
29057,198240000,109
29143,1155320000,110
29157,1073611000,111
29189,81797794000,112
29199,162588000,113
29207,1086809000,114
30015,275858000,115
30023,302666000,116
30029,4442662000,117
30039,103928000,118
30057,508161000,119
30071,144616000,120
30077,254844000,121
30085,431811000,122
30087,990339000,123
30105,344743000,124
31091,38701000,125
53065,1331736000,126
21189,60447000,127
21195,2113090000,128
21217,950878000,129
21237,109435000,130
21239,1211043000,131
22001,1696528000,132
22009,1007424000,133
22011,1088747000,134
22029,630509000,135
22031,2787626000,136
22033,37503785000,137
22047,1923979000,138
22071,25456050000,139
22081,848820000,140
22099,1335201000,141
22119,1202850000,142
23013,1869520000,143
23015,1246062000,144
24003,51932913000,145
18103,1046102000,146
18129,3190262000,147
18147,1164363000,148
19001,475406000,149
19045,2483552000,150
19083,938417000,151
19111,1914310000,152
31167,254740000,153
34003,79640801000,154
34007,27042584000,155
34013,59967892000,156
34023,65175093000,157
34041,4435888000,158
35007,496828000,159
35011,83973000,160
35051,349001000,161
36013,5510045000,162
36029,63071158000,163
36043,2077647000,164
36045,6738046000,165
36047,111343639000,166
36053,2578850000,167
36065,12306301000,168
36077,2904846000,169
36081,114644556000,170
36091,12191409000,171
36115,2003112000,172
37007,858539000,173
37027,2753436000,174
37039,801433000,175
37049,5354824000,176
37055,2574089000,177
37059,1424549000,178
37069,2040752000,179
37083,1649962000,180
37091,856536000,181
37093,1125591000,182
37099,1639051000,183
37111,1965368000,184
37117,741230000,185
37127,5866410000,186
37165,1303016000,187
37175,1368338000,188
37199,464583000,189
38017,13372068000,190
38037,115183000,191
38085,147200000,192
38099,643865000,193
39035,101181559000,194
39039,1852027000,195
39043,5176097000,196
39125,622514000,197
40065,1152365000,198
48103,585695000,199
48141,33047656000,200
48151,202277000,201
48161,1100041000,202
48167,16361424000,203
48199,1475290000,204
48213,1896404000,205
48229,187663000,206
48241,1080825000,207
48245,22806316000,208
48261,273938000,209
48289,747872000,210
48317,6404151000,211
48333,203591000,212
48347,2640862000,213
48361,4050008000,214
48371,2569754000,215
48395,2182370000,216
48423,11265333000,217
48427,1401477000,218
48457,434511000,219
48471,2363004000,220
48475,3416292000,221
48477,1858851000,222
48499,1492831000,223
49001,462403000,224
49003,2628737000,225
49011,15462583000,226
40073,1089216000,227
40079,1446412000,228
40145,1257054000,229
41005,22230857000,230
41021,244385000,231
41033,3146154000,232
41035,2760293000,233
41039,17947872000,234
41043,5308033000,235
41051,72175081000,236
41055,583874000,237
41061,1070384000,238
42005,2519227000,239
42029,45123405000,240
42035,1780650000,241
42059,4271638000,242
42067,868998000,243
42091,79561498000,244
42111,2858683000,245
45005,346097000,246
45019,33380177000,247
45025,1642030000,248
45043,2694195000,249
45063,13400667000,250
45077,4324295000,251
45091,12288062000,252
46073,158591000,253
46093,822916000,254
46095,42623000,255
46123,272873000,256
47001,5228335000,257
47003,1807983000,258
47005,400258000,259
47019,1208228000,260
47029,819318000,261
47049,490977000,262
47063,3279547000,263
47073,1841186000,264
47081,481709000,265
47097,768215000,266
47121,278175000,267
47149,16779468000,268
47173,336320000,269
48007,678353000,270
25001,16094174000,271
25013,24256781000,272
25025,137762580000,273
26033,1246707000,274
26053,529002000,275
26063,1662271000,276
26097,489331000,277
26115,6192097000,278
13283,132199000,279
13289,312981000,280
13313,5879096000,281
13317,366682000,282
15001,9491699000,283
16059,290548000,284
16073,439896000,285
16083,3934455000,286
16087,462260000,287
17027,1187777000,288
17031,425600691000,289
17047,330799000,290
49029,316549000,291
49035,100925250000,292
49043,3714900000,293
49049,29050648000,294
51037,319784000,295
51051,548720000,296
51073,983619000,297
51085,6141298000,298
51099,1904574000,299
51125,531515000,300
51131,529003000,301
51137,1191806000,302
51145,796856000,303
51185,1421756000,304
53005,12823063000,305
53007,5005996000,306
53009,2895949000,307
53015,5783044000,308
53025,6069801000,309
53031,1204817000,310
53037,2011168000,311
53043,511537000,312
12077,245490000,313
5061,605494000,314
5093,2669998000,315
5095,219473000,316
5099,272061000,317
5103,685791000,318
5109,262415000,319
5117,190168000,320
5133,468156000,321
5147,233724000,322
6045,4475367000,323
6051,1347957000,324
24011,1442998000,325
24033,48596251000,326
24043,8002025000,327
25007,2337018000,328
25017,180236765000,329
26041,1370850000,330
26099,41834075000,331
26103,3203275000,332
26135,233602000,333
26147,5605717000,334
26163,105130202000,335
27023,715665000,336
27053,143512027000,337
27077,202417000,338
27091,1286485000,339
27129,850448000,340
27139,6769456000,341
27163,11522724000,342
28007,500095000,343
28033,5829955000,344
28055,31410000,345
28075,3388489000,346
28143,586756000,347
28157,162610000,348
28163,760338000,349
29023,1543444000,350
29029,1635897000,351
29031,4315466000,352
29033,420931000,353
17075,1182853000,354
17129,269932000,355
17161,11017815000,356
17175,225999000,357
17185,401293000,358
18009,335897000,359
18035,4309940000,360
18067,4472655000,361
18083,2019473000,362
18159,603798000,363
18175,648694000,364
49025,349316000,365
5003,933950000,366
5007,14871854000,367
5013,393105000,368
5045,3930104000,369
13051,19776670000,370
13077,4689410000,371
13123,884034000,372
13133,724368000,373
13137,1587875000,374
13139,11123749000,375
13143,860172000,376
13157,3270561000,377
13171,449435000,378
13181,160767000,379
13185,5419688000,380
13195,498383000,381
13213,1279330000,382
13217,3130936000,383
13237,584811000,384
13245,13436906000,385
13251,354096000,386
13269,246717000,387
13279,1112064000,388
23023,1717498000,389
23031,8659123000,390
24001,3388935000,391
24005,59076684000,392
24017,5952468000,393
24021,14286591000,394
24031,95585447000,395
24045,5547330000,396
28149,2465505000,397
28151,1615630000,398
29041,321815000,399
29069,891584000,400
29087,266959000,401
29113,1240449000,402
29159,1792374000,403
29183,17172254000,404
29195,976678000,405
29197,113731000,406
29201,1690124000,407
30001,457832000,408
30013,4123936000,409
30027,584930000,410
30031,6288195000,411
30045,123076000,412
30049,3670780000,413
30055,108566000,414
30059,73994000,415
30069,18403000,416
30073,266923000,417
30083,873836000,418
30099,297569000,419
31103,38994000,420
31151,942349000,421
32001,1253904000,422
32003,128496477000,423
32015,862670000,424
33007,1366542000,425
33015,22545810000,426
33017,6172554000,427
34001,14718904000,428
34005,29321002000,429
34015,15134409000,430
34019,7731670000,431
34021,36074135000,432
34025,36692148000,433
34029,21607555000,434
34035,42157868000,435
21229,370171000,436
21231,446673000,437
22035,196608000,438
22045,3284076000,439
22053,927219000,440
22055,14071797000,441
6055,11816527000,442
6059,269229776000,443
6069,2662858000,444
6073,253117792000,445
6079,19065947000,446
6083,31348798000,447
6097,33339740000,448
6101,4251128000,449
6107,20705405000,450
6113,16533188000,451
8019,559651000,452
8023,115606000,453
8031,81827595000,454
8037,4281672000,455
8055,300832000,456
1049,2081054000,457
1063,264592000,458
1087,591411000,459
1091,796000000,460
1095,3611518000,461
1101,14470534000,462
1107,437726000,463
1115,2080921000,464
1119,360977000,465
1131,466612000,466
2090,5977140000,467
2158,181696000,468
2240,609102000,469
4005,7887058000,470
4009,1278684000,471
4013,263652777000,472
54001,407680000,473
54005,616169000,474
54021,186274000,475
54039,11169336000,476
54045,1321914000,477
54047,595180000,478
54063,246006000,479
54067,669032000,480
54087,309126000,481
54107,3676072000,482
55003,821602000,483
55043,2358191000,484
55113,727514000,485
56029,1489959000,486
12086,175673903000,487
12093,1649089000,488
12097,10567523000,489
13021,9430929000,490
13029,1015383000,491
39137,1318585000,492
39175,1108645000,493
40013,1713517000,494
40027,8299352000,495
40057,94387000,496
40067,127964000,497
40075,271886000,498
40095,451814000,499
40125,2208236000,500
40135,820231000,501
40143,49039569000,502
27011,255409000,503
27013,4352610000,504
27031,296362000,505
27061,2389710000,506
27073,350433000,507
27075,762839000,508
27089,380647000,509
27097,1259222000,510
27127,936413000,511
27161,833846000,512
27171,4881963000,513
28001,1012775000,514
28011,1150261000,515
28029,643170000,516
28043,982537000,517
28083,1274888000,518
28087,3054912000,519
28103,267898000,520
28121,6559378000,521
35015,8434365000,522
35039,1200326000,523
35045,5856995000,524
35055,1064300000,525
36025,2253409000,526
36031,1791129000,527
36103,97131636000,528
36105,3316941000,529
36119,86228480000,530
36123,973908000,531
37009,824835000,532
37013,2565488000,533
37017,1428558000,534
37023,2926084000,535
37037,1745881000,536
37043,255284000,537
37053,760491000,538
37057,5305126000,539
37065,1823187000,540
37075,266975000,541
37085,2648298000,542
37089,4231251000,543
37095,186941000,544
37103,216561000,545
37115,468260000,546
37123,942233000,547
28141,565119000,548
42099,978915000,549
42103,1448680000,550
42127,1902707000,551
42133,21925823000,552
48411,201600000,553
48429,439990000,554
48449,1985300000,555
48453,125274912000,556
48455,261373000,557
48467,1297761000,558
48473,2640237000,559
48479,11126450000,560
49033,153663000,561
49045,1875916000,562
49047,1717996000,563
49051,1048992000,564
50017,861642000,565
50027,2732285000,566
51007,302789000,567
51017,229008000,568
51019,2211912000,569
51023,1377893000,570
51033,714656000,571
51036,213368000,572
51041,15769459000,573
51057,425210000,574
51067,1602679000,575
51083,1375150000,576
51091,74192000,577
51107,28091352000,578
51111,288113000,579
51127,523814000,580
51133,471040000,581
51159,321561000,582
51179,5651123000,583
51187,1937922000,584
53047,1677354000,585
53049,857066000,586
53053,47766058000,587
53061,53124618000,588
53071,3946182000,589
53073,15102906000,590
54013,126729000,591
54017,886689000,592
54019,1109862000,593
54023,471270000,594
54027,369235000,595
54033,4660093000,596
54037,1779345000,597
54043,246249000,598
54065,307285000,599
54071,157434000,600
54081,3150440000,601
54093,309932000,602
54095,608823000,603
37133,9206722000,604
37137,303728000,605
37149,503726000,606
37153,2092790000,607
37161,1983692000,608
37163,2025979000,609
37177,131695000,610
38005,260740000,611
38033,85624000,612
38053,2849766000,613
38059,1612998000,614
38067,524917000,615
38071,639184000,616
22067,683346000,617
22069,1534188000,618
22079,6033008000,619
22097,2664609000,620
22107,166477000,621
22113,1609396000,622
22117,1193167000,623
22123,222693000,624
23007,1209699000,625
8065,368996000,626
8071,657578000,627
8093,536028000,628
8105,562219000,629
8113,716960000,630
9001,93201734000,631
9007,10039806000,632
9011,19956591000,633
10005,13510330000,634
12033,17355269000,635
12037,442332000,636
12041,374380000,637
12047,584653000,638
12053,4586156000,639
12071,32682667000,640
19009,332566000,641
19027,1482176000,642
19075,584475000,643
19113,17094735000,644
19147,615547000,645
19195,351622000,646
20069,630771000,647
20143,156789000,648
20181,310386000,649
21005,577764000,650
21025,251148000,651
21029,2595235000,652
21033,428140000,653
21043,534389000,654
21049,1576002000,655
21063,85852000,656
21071,1141445000,657
21085,720612000,658
21097,588357000,659
21109,184070000,660
21119,248661000,661
21125,2240560000,662
21135,212244000,663
21139,300208000,664
21153,163865000,665
21159,250806000,666
21167,913451000,667
21181,97676000,668
21183,948548000,669
21193,1025871000,670
21197,228059000,671
21205,797403000,672
54109,544875000,673
55023,834304000,674
55037,132227000,675
55051,200717000,676
55069,1662945000,677
55075,2090379000,678
55111,4255956000,679
41007,2180386000,680
41017,10042937000,681
41019,4131931000,682
41065,1436013000,683
42003,105116796000,684
42027,9186815000,685
42033,3051586000,686
42041,16231370000,687
42045,36364675000,688
42051,5103296000,689
42061,1471512000,690
42071,30427329000,691
42089,7457481000,692
42095,16114081000,693
51063,397772000,694
51087,31022914000,695
53077,11966915000,696
45027,681952000,697
45047,3226717000,698
1043,2910219000,699
45029,1065934000,700
45071,1599091000,701
46067,489702000,702
1033,2668227000,703
2050,786424000,704
4007,2052544000,705
5039,255812000,706
6039,7071620000,707
8043,1646304000,708
12013,296708000,709
12069,9743286000,710
12129,819460000,711
13219,1521773000,712
16035,375694000,713
16069,2324987000,714
17153,233736000,715
18071,2517563000,716
19087,980678000,717
21003,505513000,718
21051,382829000,719
21165,98979000,720
46085,173283000,721
47057,457134000,722
2195,197499000,723
6009,1879126000,724
8097,2418543000,725
13007,86239000,726
21055,218418000,727
22017,13716538000,728
22115,2082948000,729
26137,1069136000,730
29019,9795883000,731
30005,206445000,732
37029,153417000,733
40089,1119442000,734
41023,277653000,735
46117,136781000,736
47091,438048000,737
39047,2931392000,738
39061,81560373000,739
39095,26587161000,740
45055,1923852000,741
45059,2413086000,742
45069,886775000,743
45073,4163658000,744
45083,16949722000,745
45089,869934000,746
46009,275317000,747
6043,1000996000,748
6095,26035209000,749
8035,19617598000,750
10003,55201763000,751
12079,484751000,752
12113,4745500000,753
13001,1646748000,754
13079,155173000,755
13135,50067819000,756
13311,822923000,757
47107,2218343000,758
47117,1236331000,759
47123,1480307000,760
47143,2091529000,761
47151,532514000,762
47155,4530737000,763
47157,66752724000,764
47165,7103726000,765
47167,1226297000,766
47185,777669000,767
47189,5403441000,768
48001,2111672000,769
48005,3566250000,770
48029,109258861000,771
48037,3887299000,772
48043,418035000,773
48051,1285948000,774
48057,3753146000,775
48067,884501000,776
48091,6123189000,777
48109,1099070000,778
48119,120484000,779
48173,2751768000,780
48187,6072885000,781
48205,806450000,782
48215,22341504000,783
48225,985092000,784
48263,196382000,785
48273,1226005000,786
48287,963401000,787
48301,4696576000,788
48311,1635803000,789
48315,303325000,790
48339,30124957000,791
48343,665272000,792
48349,1776193000,793
48373,1301001000,794
48377,266251000,795
48383,3262126000,796
48405,780025000,797
48407,352063000,798
46041,217376000,799
46071,76567000,800
46075,55597000,801
46079,632748000,802
46127,1395737000,803
47013,994940000,804
47021,1257091000,805
47031,2949035000,806
47035,1762480000,807
47037,74012393000,808
47041,684090000,809
47065,26366243000,810
47089,1562793000,811
56003,540386000,812
56013,1726366000,813
56031,659480000,814
56035,1037079000,815
1041,462069000,816
2100,124318000,817
4001,2900566000,818
5001,1090088000,819
5029,784076000,820
5057,982335000,821
39115,320771000,822
40113,816790000,823
41015,747016000,824
42049,12390616000,825
42101,120950683000,826
45009,388633000,827
45057,4389698000,828
45087,854658000,829
47025,863587000,830
47053,1626474000,831
47135,209437000,832
47163,8075078000,833
48089,860077000,834
48135,12705336000,835
48203,4851729000,836
48323,1828444000,837
48351,542259000,838
48379,224459000,839
48409,2860983000,840
48465,1955664000,841
49007,1062465000,842
49019,659022000,843
51029,599192000,844
51141,507849000,845
51193,525769000,846
53011,23462857000,847
53045,1887542000,848
54025,1239312000,849
55001,544697000,850
8027,149955000,851
8051,1225019000,852
5041,583406000,853
13261,1236737000,854
18179,1212556000,855
22111,544387000,856
23003,2861101000,857
40133,744387000,858
35019,160445000,859
37105,2857070000,860
37125,3729437000,861
19035,768061000,862
20033,67582000,863
20149,1359418000,864
21027,370496000,865
21147,280045000,866
21175,272873000,867
22005,8610109000,868
22015,5508676000,869
22025,215003000,870
22037,540423000,871
22091,180624000,872
22109,5679566000,873
24029,1092166000,874
24047,3317064000,875
26055,5273134000,876
27015,1656106000,877
27167,318517000,878
28051,323716000,879
29013,464368000,880
29095,48779174000,881
30053,578660000,882
35033,110080000,883
36059,99477179000,884
38003,699559000,885
38055,787609000,886
40055,109672000,887
40117,390240000,888
42043,23745835000,889
42097,3208735000,890
45015,8223729000,891
45067,696935000,892
47009,5935954000,893
47129,330986000,894
48065,1035948000,895
48157,26816286000,896
12057,96615054000,897
12089,2804452000,898
13025,280898000,899
39167,3818690000,900
40023,410507000,901
18007,503582000,902
18051,3686173000,903
18123,792577000,904
20083,120576000,905
20203,241057000,906
21079,265159000,907
21123,240871000,908
21209,3426831000,909
22065,431542000,910
22105,4262128000,911
23025,1855041000,912
26007,1189921000,913
28017,554410000,914
48419,1217902000,915
54083,958094000,916
6063,1461490000,917
48129,153974000,918
48313,592227000,919
53027,3061508000,920
54059,695157000,921
5119,29745246000,922
6093,2147001000,923
2170,2831292000,924
13075,426481000,925
25005,29132173000,926
13303,709036000,927
17017,693181000,928
22043,407699000,929
22127,512959000,930
10001,8370319000,931
12075,1008267000,932
27021,1130602000,933
28089,6272716000,934
29227,69809000,935
30043,291836000,936
30081,1191548000,937
34027,55698768000,938
36075,7236689000,939
37021,14775589000,940
37107,3204139000,941
37145,1699183000,942
37193,2452410000,943
40141,241651000,944
41031,841630000,945
41047,17720607000,946
27087,182374000,947
27173,627798000,948
28109,1064532000,949
29027,1957329000,950
30009,364895000,951
30033,40384000,952
31033,558254000,953
34031,23610753000,954
35017,1190266000,955
36009,3291880000,956
36061,769105785000,957
36071,19657259000,958
37015,693096000,959
37101,8079175000,960
37131,684636000,961
37159,5761670000,962
37183,84686112000,963
13201,250650000,964
13265,35767000,965
44009,7222420000,966
45003,7406917000,967
45007,7751600000,968
45017,685169000,969
45035,3981385000,970
45041,7825616000,971
45045,34476522000,972
45051,13644602000,973
30007,201542000,974
30093,1634199000,975
37051,18471002000,976
37139,1592687000,977
45061,398590000,978
46055,112231000,979
47045,1865191000,980
47127,435051000,981
51105,512319000,982
54007,340016000,983
54099,1122758000,984
42031,1396917000,985
1009,975948000,986
1047,1368839000,987
5073,144137000,988
6027,1435942000,989
6053,29455388000,990
6099,26471782000,991
8111,42409000,992
12045,477815000,993
12105,28360410000,994
12121,1287983000,995
16041,397696000,996
16079,467023000,997
18021,843982000,998
48175,328082000,999
48503,894892000,1000
51113,381408000,1001
53033,323859634000,1002
53057,7931283000,1003
6091,132100000,1004
18125,774940000,1005
26003,266231000,1006
27103,1707888000,1007
1039,1283429000,1008
1061,589539000,1009
1075,393749000,1010
4011,1765019000,1011
1013,664893000,1012
1015,4590003000,1013
21235,1131498000,1014
22057,4314393000,1015
24023,1478951000,1016
26013,285883000,1017
26071,366836000,1018
47145,2719127000,1019
47183,1345924000,1020
48041,10482501000,1021
48079,234566000,1022
48341,2252441000,1023
49005,5837645000,1024
49023,516403000,1025
51103,497580000,1026
51157,309166000,1027
53019,241607000,1028
53075,2886231000,1029
55011,533262000,1030
56033,1439830000,1031
56039,2654134000,1032
5085,1358677000,1033
6089,9783798000,1034
8005,50711017000,1035
8033,107682000,1036
1073,47401978000,1037
1129,931529000,1038
2290,336800000,1039
42131,2081428000,1040
45021,1962831000,1041
27137,12430384000,1042
28021,814563000,1043
28053,212420000,1044
28137,534125000,1045
30003,1203904000,1046
30035,487595000,1047
30061,113118000,1048
30089,362260000,1049
31009,32844000,1050
32033,700224000,1051
34009,5959758000,1052
36017,2517266000,1053
37019,4816532000,1054
37047,1629919000,1055
37079,497136000,1056
37147,10008070000,1057
37173,698431000,1058
45065,239458000,1059
46003,89346000,1060
47055,1206737000,1061
47085,823239000,1062
5145,2327269000,1063
13107,799562000,1064
16007,214242000,1065
47119,4355752000,1066
47147,2640029000,1067
48015,1476345000,1068
48277,2915481000,1069
48391,376179000,1070
48469,4641937000,1071
49057,12244769000,1072
51155,1492028000,1073
53067,14904006000,1074
54031,456878000,1075
54057,844589000,1076
54085,623029000,1077
55007,488740000,1078
55057,940689000,1079
55121,1472040000,1080
41003,5005948000,1081
42023,232159000,1082
42055,6606645000,1083
44007,37080311000,1084
21203,358198000,1085
5017,302565000,1086
13215,11760813000,1087
13301,213315000,1088
16013,1667226000,1089
16031,1632023000,1090
17125,560781000,1091
24015,5309239000,1092
24039,965578000,1093
17007,1919559000,1094
18053,2611525000,1095
20065,149725000,1096
21011,216968000,1097
21067,20774494000,1098
21101,2144318000,1099
21133,399486000,1100
22077,842237000,1101
22103,12187548000,1102
8069,20736490000,1103
12029,332015000,1104
27067,2519180000,1105
27119,1392941000,1106
20067,510871000,1107
21089,966994000,1108
26089,795125000,1109
26141,407774000,1110
32031,28449014000,1111
38097,470595000,1112
47105,1995183000,1113
13309,122178000,1114
17003,198495000,1115
17189,983576000,1116
19003,262355000,1117
19163,9555654000,1118
20195,187479000,1119
21187,209874000,1120
22063,2922849000,1121
22101,2584176000,1122
8117,2801481000,1123
12007,761704000,1124
13031,2572039000,1125
39123,2160582000,1126
40101,3237010000,1127
27069,203365000,1128
27107,223381000,1129
27145,9211420000,1130
28049,12825728000,1131
29171,145949000,1132
30075,94182000,1133
32011,1394200000,1134
34033,5522456000,1135
36113,4660924000,1136
37031,2776682000,1137
37113,1558095000,1138
38035,4392879000,1139
39055,4406335000,1140
46023,510927000,1141
47093,27794672000,1142
1071,1603386000,1143
13019,443286000,1144
48061,11978930000,1145
48185,1107609000,1146
48239,748548000,1147
6011,1678303000,1148
16029,540265000,1149
1021,1088804000,1150
1027,446444000,1151
1029,293412000,1152
4023,2111098000,1153
1093,963606000,1154
5053,452963000,1155
1103,6109280000,1156
1133,814875000,1157
2070,295965000,1158
2110,2558095000,1159
2150,840158000,1160
2220,538475000,1161
2261,2268843000,1162
48389,8868765000,1163
49017,261541000,1164
51093,1572227000,1165
51171,1774537000,1166
53021,4119241000,1167
53055,863731000,1168
5069,3307945000,1169
5107,590418000,1170
6041,27489610000,1171
6077,34339849000,1172
8001,30085961000,1173
1059,1049427000,1174
1097,20740796000,1175
48283,3822634000,1176
48401,2571159000,1177
48459,887712000,1178
49037,500308000,1179
51027,1191453000,1180
51101,516593000,1181
51147,797231000,1182
54003,3719460000,1183
54041,667232000,1184
42017,35160473000,1185
5043,671635000,1186
5049,208150000,1187
2020,23604109000,1188
4021,8460999000,1189
13113,5426602000,1190
13151,6648959000,1191
13191,218353000,1192
23027,1417999000,1193
24027,27493327000,1194
5135,360309000,1195
9005,8847956000,1196
9013,5733956000,1197
12115,21205066000,1198
5101,118209000,1199
5105,153680000,1200
5115,2998000000,1201
5005,1546656000,1202
5009,1388315000,1203
8021,266773000,1204
8039,717044000,1205
8059,35165953000,1206
1037,202546000,1207
8073,392377000,1208
8101,7234789000,1209
8121,191550000,1210
8125,606881000,1211
5077,223906000,1212
1017,953730000,1213
5129,188234000,1214
13063,20395714000,1215
13159,297138000,1216
6031,7163683000,1217
6035,1441448000,1218
6075,203486742000,1219
8003,842111000,1220
8015,907433000,1221
13003,294663000,1222
12035,2562654000,1223
12059,386761000,1224
12087,5330516000,1225
12109,9012155000,1226
12111,9738034000,1227
5149,571768000,1228
6021,1367264000,1229
6025,9334680000,1230
6061,24708238000,1231
6109,3261986000,1232
13117,9520392000,1233
13169,476835000,1234
13197,125220000,1235
17067,606785000,1236
17183,3581970000,1237
13059,8322444000,1238
13069,1658754000,1239
13083,426855000,1240
17053,713266000,1241
13145,635048000,1242
13023,292381000,1243
13037,150929000,1244
13053,1543284000,1245
17073,1686982000,1246
17097,61745947000,1247
17059,218043000,1248
17063,4217136000,1249
13093,479586000,1250
16051,871310000,1251
16065,1380244000,1252
13111,795560000,1253
13243,222342000,1254
13257,1018702000,1255
17011,1489086000,1256
17015,667945000,1257
18099,1726805000,1258
18101,1135761000,1259
13287,259954000,1260
13295,1593958000,1261
15003,70808812000,1262
16009,368306000,1263
18003,22495346000,1264
17149,606257000,1265
17159,685623000,1266
17107,1125404000,1267
17115,7363464000,1268
17121,1518440000,1269
17131,456739000,1270
17135,1227132000,1271
17145,676655000,1272
13233,1357735000,1273
13239,42440000,1274
18031,1708896000,1275
18037,2795417000,1276
18041,638019000,1277
18055,710148000,1278
18065,1425433000,1279
18075,954236000,1280
18085,5180547000,1281
18091,4330945000,1282
18109,1895129000,1283
16019,5921384000,1284
16021,412326000,1285
16045,415558000,1286
17029,2653726000,1287
18181,1041175000,1288
19007,441068000,1289
19017,1209857000,1290
19025,462284000,1291
18095,4052563000,1292
18097,96933488000,1293
17173,859953000,1294
17177,1992346000,1295
16075,844973000,1296
17005,582977000,1297
19103,9499115000,1298
19117,344441000,1299
19127,2042815000,1300
19131,800150000,1301
20105,129367000,1302
20109,174888000,1303
20111,1534604000,1304
20113,2706494000,1305
19135,472824000,1306
19041,1064170000,1307
18017,1468111000,1308
20049,91812000,1309
20057,2224498000,1310
18115,128394000,1311
18119,557427000,1312
18121,374488000,1313
20091,48597933000,1314
20097,160093000,1315
20101,131477000,1316
19049,5415120000,1317
18133,1185523000,1318
18157,10298161000,1319
18111,368196000,1320
17021,1641726000,1321
19159,209698000,1322
19165,756942000,1323
20063,190155000,1324
20073,195514000,1325
20077,318722000,1326
20085,435156000,1327
19169,5676364000,1328
19189,462038000,1329
20001,597148000,1330
20009,1304668000,1331
20015,3023641000,1332
20025,187891000,1333
20029,414913000,1334
20043,320456000,1335
40045,249874000,1336
48309,13183964000,1337
48337,745725000,1338
48355,20812091000,1339
51740,6626655000,1340
18143,751850000,1341
18171,257956000,1342
18177,2959408000,1343
19097,672428000,1344
19141,977791000,1345
19055,996177000,1346
19073,533561000,1347
19079,892067000,1348
40041,948181000,1349
46111,141368000,1350
51810,22973532000,1351
20087,429921000,1352
20089,147698000,1353
46109,326258000,1354
46121,240032000,1355
53051,650843000,1356
53059,337448000,1357
54011,5121788000,1358
23011,6067845000,1359
24019,1414520000,1360
38103,290061000,1361
30101,387885000,1362
31003,528410000,1363
48275,153892000,1364
31029,331771000,1365
24025,13822360000,1366
24035,2068014000,1367
25009,50083844000,1368
26015,1655995000,1369
38045,321693000,1370
38051,157604000,1371
38095,144303000,1372
38101,4172904000,1373
25003,7824707000,1374
25011,3299783000,1375
25021,58443676000,1376
26159,2980748000,1377
26165,1333924000,1378
40151,622527000,1379
42073,3438135000,1380
42083,2280169000,1381
48441,6934438000,1382
48451,5920705000,1383
55123,1134772000,1384
47115,875830000,1385
47125,5761559000,1386
46015,246148000,1387
46035,1279757000,1388
46039,299478000,1389
46049,162699000,1390
51075,2856256000,1391
45001,679076000,1392
48045,114994000,1393
51181,1205161000,1394
29005,370197000,1395
29009,1462303000,1396
39159,4496769000,1397
31171,40538000,1398
48145,417059000,1399
36057,2143502000,1400
36067,33575047000,1401
39105,401384000,1402
27153,910356000,1403
27157,835856000,1404
28013,308625000,1405
26023,1465314000,1406
37001,6471101000,1407
55077,452543000,1408
29203,173536000,1409
29133,406480000,1410
29149,235545000,1411
31031,321378000,1412
31035,329729000,1413
31037,685271000,1414
38027,130306000,1415
13205,857533000,1416
13315,185289000,1417
16033,49854000,1418
17043,94831129000,1419
47101,308060000,1420
48385,80470000,1421
48399,358448000,1422
55085,1819502000,1423
40131,3329194000,1424
48093,461767000,1425
36019,4013968000,1426
31051,280046000,1427
41025,305330000,1428
47087,203545000,1429
28023,304562000,1430
48485,6143693000,1431
48489,517813000,1432
50025,2434474000,1433
21075,213498000,1434
21083,1237223000,1435
26027,1207626000,1436
30067,621814000,1437
30095,684400000,1438
36073,1444559000,1439
48049,1548092000,1440
48069,696546000,1441
13273,291361000,1442
45081,455384000,1443
46005,977444000,1444
46011,2371068000,1445
29021,5462528000,1446
29035,141681000,1447
26037,2315703000,1448
26051,548168000,1449
40001,461759000,1450
40005,338092000,1451
40033,164412000,1452
8053,53279000,1453
12031,69095314000,1454
12119,3131534000,1455
13073,4063728000,1456
55105,7947464000,1457
55119,926748000,1458
41011,2657358000,1459
51079,453067000,1460
32013,1342319000,1461
27095,893026000,1462
27101,622027000,1463
27109,11777196000,1464
27125,152997000,1465
54049,2273190000,1466
54073,548053000,1467
55067,821654000,1468
55073,9002074000,1469
17137,1709896000,1470
42121,2066900000,1471
44001,1857433000,1472
48107,258311000,1473
39099,9945431000,1474
39103,7467504000,1475
32009,43865000,1476
41027,1361929000,1477
41049,1538479000,1478
48507,632933000,1479
49009,197880000,1480
49021,1987863000,1481
56041,952576000,1482
51011,309959000,1483
51025,885130000,1484
21045,363495000,1485
21113,2067688000,1486
21141,1189436000,1487
41059,3709441000,1488
40017,4378212000,1489
56045,319777000,1490
23019,6967500000,1491
51043,511300000,1492
48251,5987543000,1493
51135,596021000,1494
22095,3713397000,1495
22125,987329000,1496
26061,1213017000,1497
48231,4170600000,1498
48279,783799000,1499
4003,5220287000,1500
29081,290502000,1501
31023,319584000,1502
37189,2380108000,1503
38007,191343000,1504
42013,6408951000,1505
42117,2062358000,1506
26065,17700746000,1507
29167,857586000,1508
19191,1075239000,1509
29085,156403000,1510
40035,507698000,1511
49027,899916000,1512
50009,157584000,1513
47139,326598000,1514
47153,309493000,1515
48497,3162340000,1516
13223,2804569000,1517
55127,4629338000,1518
56001,1661820000,1519
56005,6106919000,1520
21201,29101000,1521
20023,139878000,1522
47169,219505000,1523
50019,1108982000,1524
48413,154708000,1525
46059,168255000,1526
46063,69909000,1527
46077,312728000,1528
46087,274331000,1529
46089,107048000,1530
56015,565257000,1531
47177,1517045000,1532
48017,420462000,1533
48131,377576000,1534
48143,1661445000,1535
42011,21090268000,1536
42019,10848890000,1537
42105,1143646000,1538
42115,3852120000,1539
51049,174307000,1540
26017,3773205000,1541
48163,1214753000,1542
48165,2079016000,1543
48179,1128296000,1544
28047,9132554000,1545
48285,1245108000,1546
48303,14441381000,1547
2060,155290000,1548
2068,286407000,1549
2188,674572000,1550
2230,113667000,1551
2275,95995000,1552
30019,90860000,1553
39025,8747966000,1554
39053,2356992000,1555
39067,1592524000,1556
31153,8163760000,1557
2013,242978000,1558
40093,308259000,1559
40103,705619000,1560
40053,346530000,1561
31081,633614000,1562
31109,19762399000,1563
31119,2513775000,1564
1057,386218000,1565
1111,508639000,1566
5021,373390000,1567
5023,725464000,1568
5037,499891000,1569
27071,602487000,1570
19197,783362000,1571
20013,573949000,1572
40107,247292000,1573
31053,2077022000,1574
31123,646164000,1575
21041,2066254000,1576
39135,1213301000,1577
39119,3960700000,1578
5051,3500689000,1579
31095,464786000,1580
29173,441444000,1581
40021,1295400000,1582
36079,3812075000,1583
36097,574435000,1584
29011,364179000,1585
39127,785848000,1586
20045,5160518000,1587
20051,1680747000,1588
20055,2281359000,1589
29177,557002000,1590
28153,630902000,1591
28159,557555000,1592
28161,312508000,1593
20173,33139047000,1594
20177,10717922000,1595
20185,193664000,1596
29017,217902000,1597
29047,12262116000,1598
20059,989259000,1599
39163,303052000,1600
29105,1325125000,1601
29109,921206000,1602
31137,859568000,1603
33003,2423071000,1604
39009,2289056000,1605
19181,1272818000,1606
19185,267410000,1607
19187,2243543000,1608
21207,669735000,1609
38065,255952000,1610
6111,54760484000,1611
8009,148382000,1612
8011,167220000,1613
8017,159129000,1614
29125,191592000,1615
31133,121762000,1616
20175,1330787000,1617
22023,1337786000,1618
22041,560959000,1619
22051,24953454000,1620
22075,3350476000,1621
39171,1907892000,1622
20017,128345000,1623
20183,185249000,1624
20189,298920000,1625
20037,1743188000,1626
20027,330262000,1627
20031,883851000,1628
29223,240161000,1629
29510,31671109000,1630
21021,1313757000,1631
36107,1898922000,1632
20159,531601000,1633
20169,3123243000,1634
21137,418385000,1635
39147,2095791000,1636
39153,31279285000,1637
40037,2062091000,1638
34037,5110096000,1639
32023,1779250000,1640
32510,3859340000,1641
40039,1578509000,1642
40043,352722000,1643
39131,1256041000,1644
29077,17183156000,1645
28115,1005093000,1646
28129,431317000,1647
31177,1225042000,1648
20125,1958526000,1649
20209,11667815000,1650
21001,401765000,1651
21077,358481000,1652
23021,639844000,1653
24009,4886487000,1654
6103,2562777000,1655
40009,1065135000,1656
40019,2690907000,1657
31041,744728000,1658
38089,2838816000,1659
26131,148010000,1660
38061,1291786000,1661
29001,881203000,1662
40069,384260000,1663
46097,119069000,1664
21171,306552000,1665
26075,6498141000,1666
26079,573726000,1667
26095,176377000,1668
26133,808831000,1669
26143,686303000,1670
39007,3308143000,1671
36121,1873403000,1672
37121,561509000,1673
37141,1417491000,1674
39073,693692000,1675
39077,2401844000,1676
46099,19912697000,1677
54015,125168000,1678
26119,326902000,1679
21103,354326000,1680
36033,2134531000,1681
36051,2405449000,1682
31055,49395480000,1683
40047,2771301000,1684
13047,1667442000,1685
20131,503320000,1686
20141,202626000,1687
31047,1537322000,1688
47039,363419000,1689
55025,45892467000,1690
39129,1759572000,1691
39019,1560158000,1692
35003,90914000,1693
35021,61597000,1694
35037,344562000,1695
20193,598212000,1696
21013,801535000,1697
39097,1925355000,1698
28067,2800132000,1699
21173,1029763000,1700
29119,674817000,1701
31161,263200000,1702
55039,5552333000,1703
55059,7393930000,1704
39151,18211747000,1705
40031,5198449000,1706
28071,2199223000,1707
28085,1228026000,1708
39083,2319922000,1709
39091,2139763000,1710
29061,225805000,1711
29067,248884000,1712
40121,1895366000,1713
40127,241151000,1714
46125,406536000,1715
21199,2344717000,1716
26149,2154242000,1717
39157,3955153000,1718
26153,337249000,1719
26155,1788749000,1720
27081,403056000,1721
39117,688225000,1722
27033,741340000,1723
27043,647252000,1724
39143,3097255000,1725
46107,153491000,1726
48365,2071022000,1727
53013,396961000,1728
39165,11689474000,1729
39133,6419459000,1730
39013,5319382000,1731
31065,245912000,1732
31071,80439000,1733
31089,730697000,1734
39107,2446751000,1735
39121,683502000,1736
21227,6438791000,1737
53029,3344773000,1738
53035,13983229000,1739
53041,3768569000,1740
55015,1662034000,1741
55021,3073673000,1742
39017,22773998000,1743
35047,728161000,1744
35057,440942000,1745
33013,10427134000,1746
39155,7610139000,1747
28133,710687000,1748
22003,753824000,1749
22021,222566000,1750
18059,3173416000,1751
20021,831065000,1752
27141,3638597000,1753
27147,2522694000,1754
27151,571175000,1755
35061,1608547000,1756
21213,954726000,1757
13235,310660000,1758
13249,121235000,1759
20147,458186000,1760
20151,643886000,1761
20153,142430000,1762
17019,11718749000,1763
47131,1195099000,1764
13065,282436000,1765
13161,469071000,1766
21111,56433773000,1767
19171,706578000,1768
12099,87097108000,1769
12067,162912000,1770
22121,2240809000,1771
1053,1353040000,1772
1067,464128000,1773
21129,141221000,1774
19077,507335000,1775
19081,840098000,1776
19089,504871000,1777
13011,433822000,1778
27131,2990828000,1779
27135,1378784000,1780
42079,16906949000,1781
45011,559710000,1782
47181,376690000,1783
48009,319221000,1784
50003,1799219000,1785
19167,2552284000,1786
13207,1712622000,1787
18173,2387961000,1788
17179,6551303000,1789
13057,7594830000,1790
17057,1112548000,1791
13085,888409000,1792
8115,100288000,1793
13225,988157000,1794
5089,613197000,1795
19173,276847000,1796
48417,272831000,1797
48421,362708000,1798
48431,247515000,1799
48435,308181000,1800
42047,1741705000,1801
13253,360152000,1802
13277,2172856000,1803
48369,1002924000,1804
48381,3982943000,1805
17041,1225611000,1806
5113,548626000,1807
26125,107555467000,1808
21169,204841000,1809
48487,835922000,1810
48493,1070076000,1811
42075,6278654000,1812
24510,54158824000,1813
25019,2430249000,1814
36095,1228127000,1815
19095,1188320000,1816
19099,1251436000,1817
13015,5107234000,1818
47075,807097000,1819
17051,652069000,1820
5055,1482737000,1821
8014,7551160000,1822
5065,313527000,1823
5071,683240000,1824
19101,760789000,1825
19105,696553000,1826
19109,1038766000,1827
12019,5590481000,1828
12049,1080609000,1829
19057,2383346000,1830
20061,2900749000,1831
42123,1900068000,1832
13095,5067609000,1833
27083,1733822000,1834
19161,562925000,1835
13049,224024000,1836
42119,1926466000,1837
13177,783596000,1838
36099,1718070000,1839
33001,3049585000,1840
8099,644833000,1841
45037,645129000,1842
29055,719237000,1843
26001,258502000,1844
13167,162374000,1845
27093,935499000,1846
27099,1983562000,1847
21145,4680214000,1848
26039,488916000,1849
26045,5482552000,1850
8041,37956933000,1851
19137,473076000,1852
13043,298972000,1853
18069,1521034000,1854
18073,1615972000,1855
37087,2073281000,1856
37155,4024095000,1857
38105,5221120000,1858
48139,6495894000,1859
48403,288533000,1860
48481,1980678000,1861
41001,687321000,1862
41045,1449714000,1863
42063,4456048000,1864
45053,1136416000,1865
18029,1973344000,1866
18131,663483000,1867
18139,677395000,1868
8047,623633000,1869
8089,730016000,1870
19047,913530000,1871
40061,349163000,1872
29137,221667000,1873
31169,412517000,1874
47161,862633000,1875
17023,612255000,1876
19043,931912000,1877
19053,238753000,1878
20171,371429000,1879
19133,357082000,1880
26019,496516000,1881
26035,1082096000,1882
20071,154015000,1883
20123,470146000,1884
42065,1763063000,1885
44003,9655150000,1886
17061,358955000,1887
18105,7142613000,1888
18117,708981000,1889
18137,1180156000,1890
5083,517413000,1891
40081,808457000,1892
19071,341492000,1893
19023,507135000,1894
19029,704448000,1895
8103,565488000,1896
8109,260329000,1897
5031,4921447000,1898
26009,612373000,1899
27117,795034000,1900
27121,601303000,1901
27041,2094394000,1902
19115,689257000,1903
19125,2124378000,1904
13187,829975000,1905
17009,542870000,1906
8119,1050138000,1907
12001,14966995000,1908
9015,5382613000,1909
12027,1068651000,1910
5123,796173000,1911
26011,488522000,1912
18043,3093030000,1913
21215,251219000,1914
21221,284276000,1915
22059,503371000,1916
22073,7461269000,1917
22083,632865000,1918
22087,2714041000,1919
40071,1826637000,1920
9003,89373559000,1921
5141,465595000,1922
26117,1693248000,1923
26121,6464210000,1924
49055,122356000,1925
42081,6423825000,1926
19061,6552956000,1927
19067,897222000,1928
19139,2738698000,1929
19143,452409000,1930
19153,43359753000,1931
19157,1167674000,1932
26101,828929000,1933
19005,632494000,1934
19013,8122641000,1935
19019,843470000,1936
20139,339325000,1937
42069,10820206000,1938
40115,1112057000,1939
27045,772883000,1940
27123,44662954000,1941
13099,626645000,1942
16053,1274041000,1943
54061,7118132000,1944
42007,8112650000,1945
48353,1040513000,1946
48357,1018709000,1947
48367,4193222000,1948
54069,4017785000,1949
28037,184268000,1950
28041,170494000,1951
48221,2404431000,1952
48227,6097672000,1953
38087,42758000,1954
13089,43175212000,1955
12061,6829885000,1956
13285,3815070000,1957
17085,900343000,1958
17089,26953126000,1959
45039,1097421000,1960
13115,4565745000,1961
42021,5236240000,1962
18141,14822018000,1963
18149,476033000,1964
13125,40991000,1965
13255,2310128000,1966
13259,152215000,1967
8081,1089678000,1968
27001,530218000,1969
42037,2650199000,1970
17069,94393000,1971
17151,73302000,1972
26077,14831049000,1973
42107,5530794000,1974
17071,197650000,1975
30037,31059000,1976
30051,199337000,1977
27005,1555059000,1978
38023,145502000,1979
51173,1216344000,1980
1077,2845784000,1981
1083,3782638000,1982
13067,56053497000,1983
13081,1017916000,1984
37097,9019849000,1985
37169,1172206000,1986
51510,15782078000,1987
51013,36838621000,1988
13165,187644000,1989
26073,2553733000,1990
18005,7045710000,1991
18015,691650000,1992
16071,134992000,1993
17167,12256162000,1994
18163,11738324000,1995
18165,866221000,1996
18169,1270907000,1997
54055,1813745000,1998
13299,1681932000,1999
26093,7321963000,2000
17203,1258780000,2001
8085,1717958000,2002
12021,19069461000,2003
12051,1320213000,2004
17147,557519000,2005
48097,2890038000,2006
48113,270519384000,2007
13307,70178000,2008
17141,2960444000,2009
17157,1647208000,2010
47109,644933000,2011
47113,6233689000,2012
48445,628615000,2013
48483,521752000,2014
53039,1441372000,2015
54035,1029007000,2016
48127,3141959000,2017
27133,756361000,2018
54101,165305000,2019
55005,2310154000,2020
17165,924169000,2021
18001,1824887000,2022
1125,10904237000,2023
4017,3478895000,2024
56019,368581000,2025
55089,5638215000,2026
39001,787237000,2027
28091,909165000,2028
51045,109569000,2029
17081,2127535000,2030
13035,718980000,2031
27019,5467281000,2032
27029,320092000,2033
39169,6407572000,2034
42001,4071123000,2035
28095,1061298000,2036
47133,597117000,2037
49041,1067716000,2038
26043,1441365000,2039
26057,1461150000,2040
26067,1693731000,2041
36069,6368094000,2042
28105,1837509000,2043
31039,883687000,2044
13193,519932000,2045
16001,29854105000,2046
26087,2402616000,2047
26091,3104791000,2048
21127,374330000,2049
13293,782807000,2050
17133,1008411000,2051
47043,2057979000,2052
54097,762510000,2053
45023,1334497000,2054
50007,11805010000,2055
31113,36835000,2056
42009,1702300000,2057
18079,766731000,2058
17181,486156000,2059
17191,539383000,2060
17195,2400145000,2061
42053,261238000,2062
48149,1594814000,2063
48155,52048000,2064
48183,8098085000,2065
50011,2111211000,2066
26005,4640469000,2067
18093,1432048000,2068
5047,450925000,2069
13055,688228000,2070
5137,256725000,2071
8061,81498000,2072
8075,1226120000,2073
48189,1409841000,2074
40007,379471000,2075
13321,445667000,2076
17109,1262588000,2077
17113,15348042000,2078
26025,6642964000,2079
13101,46968000,2080
17099,6256688000,2081
17103,1789172000,2082
17105,2027843000,2083
51197,1861446000,2084
37179,7450769000,2085
17123,421786000,2086
13109,429267000,2087
48397,3450776000,2088
18155,232988000,2089
37025,7972208000,2090
37035,9586131000,2091
13211,842740000,2092
40105,194969000,2093
40111,923698000,2094
26031,710957000,2095
54089,226209000,2096
51115,246453000,2097
51169,533158000,2098
17083,592945000,2099
39071,1261342000,2100
39079,1085877000,2101
48267,151964000,2102
28117,639432000,2103
28125,115686000,2104
29135,411633000,2105
48271,127247000,2106
51650,7335849000,2107
37143,305905000,2108
29221,412396000,2109
39069,1328234000,2110
29075,271841000,2111
29079,399982000,2112
29165,7342100000,2113
17111,11748970000,2114
30107,101428000,2115
46047,269504000,2116
37191,5131317000,2117
38001,185943000,2118
29225,768591000,2119
36085,18205729000,2120
28059,7646710000,2121
29093,440015000,2122
56037,3920702000,2123
54079,2904671000,2124
39089,6727228000,2125
45085,4594623000,2126
46007,97268000,2127
18089,25357837000,2128
18107,1722725000,2129
18161,154494000,2130
19021,1326838000,2131
36117,4369338000,2132
48177,2898272000,2133
48191,82968000,2134
48219,1771883000,2135
12005,9017351000,2136
48257,3675233000,2137
31021,356968000,2138
36011,3119282000,2139
31141,2623941000,2140
31145,555278000,2141
31149,95607000,2142
48247,203146000,2143
48021,2345261000,2144
29111,256920000,2145
53001,996677000,2146
53063,29693545000,2147
40153,1115441000,2148
17139,832294000,2149
55091,285285000,2150
37033,393155000,2151
37185,334795000,2152
37187,287654000,2153
33005,3996014000,2154
35001,39110414000,2155
28107,1188565000,2156
36027,14615929000,2157
17193,614648000,2158
18047,586901000,2159
2185,6191232000,2160
5111,678759000,2161
38015,5869500000,2162
29025,240663000,2163
29091,1349512000,2164
20191,840156000,2165
21039,160681000,2166
48197,183651000,2167
31067,1054726000,2168
31077,96695000,2169
46065,1303133000,2170
54051,2602797000,2171
31097,193042000,2172
20145,318747000,2173
26123,1567460000,2174
31127,791484000,2175
37109,3156153000,2176
37197,983369000,2177
31083,216636000,2178
31093,241102000,2179
55071,4310968000,2180
42113,480217000,2181
48209,7382133000,2182
48233,6556209000,2183
48307,374975000,2184
31173,434462000,2185
31175,310418000,2186
35006,701309000,2187
35009,3219815000,2188
31131,1359378000,2189
31139,360479000,2190
48123,3454046000,2191
48125,115336000,2192
13005,396593000,2193
13045,4726475000,2194
21163,504588000,2195
21191,288653000,2196
39051,2177981000,2197
30065,372576000,2198
35013,7830931000,2199
55083,1084212000,2200
48077,248401000,2201
48081,105679000,2202
40099,575330000,2203
13087,988042000,2204
27155,209861000,2205
27159,583339000,2206
27169,2583966000,2207
36049,1129728000,2208
39059,2844818000,2209
5027,971769000,2210
48087,89381000,2211
48235,1012229000,2212
48243,86373000,2213
48249,1817846000,2214
29181,245311000,2215
31013,682889000,2216
48281,508114000,2217
48291,2188828000,2218
41009,1477770000,2219
28065,190379000,2220
28069,403223000,2221
29107,901739000,2222
13061,103159000,2223
28039,469399000,2224
37081,36784845000,2225
37119,118020851000,2226
37171,2708938000,2227
28005,250364000,2228
28113,1211443000,2229
17025,619491000,2230
55049,1192726000,2231
48253,470727000,2232
51550,10674172000,2233
46129,234324000,2234
51065,899748000,2235
28063,118776000,2236
28127,583688000,2237
17049,2303587000,2238
1007,467477000,2239
30097,242000000,2240
1019,598746000,2241
28015,138244000,2242
55031,2294873000,2243
1085,445003000,2244
55101,9128301000,2245
28135,308933000,2246
28145,1162648000,2247
55129,626839000,2248
46051,599494000,2249
41057,1289947000,2250
46045,229939000,2251
20081,373786000,2252
20093,229029000,2253
46043,244819000,2254
29053,493421000,2255
30103,121711000,2256
35028,2504799000,2257
28019,697949000,2258
37181,1353241000,2259
28073,1687001000,2260
46057,236664000,2261
55135,2191820000,2262
28025,561473000,2263
48085,69296699000,2264
48095,127139000,2265
48111,776866000,2266
48115,696374000,2267
36021,2567457000,2268
30109,40378000,2269
29131,740720000,2270
28155,197516000,2271
29039,298977000,2272
48047,310787000,2273
48105,665897000,2274
28031,614933000,2275
28035,3745889000,2276
5125,2483841000,2277
21143,229878000,2278
39081,4701512000,2279
37005,384143000,2280
34039,40602111000,2281
29051,5298445000,2282
21219,332567000,2283
22049,522347000,2284
6049,473141000,2285
6087,16467676000,2286
17033,1660377000,2287
40119,3475815000,2288
29147,797396000,2289
29151,454463000,2290
46091,274987000,2291
35027,721217000,2292
35053,549143000,2293
39031,1433558000,2294
39033,1424072000,2295
21073,3245525000,2296
28099,1091724000,2297
28147,303332000,2298
40123,2048700000,2299
27059,1196144000,2300
37041,689741000,2301
39037,2206417000,2302
26105,1118349000,2303
48439,119834428000,2304
16055,6697757000,2305
39057,10174922000,2306
39065,1018319000,2307
29185,179508000,2308
21047,6057791000,2309
21081,541840000,2310
46103,5719141000,2311
37061,2020397000,2312
1045,2997937000,2313
31159,789264000,2314
31165,71179000,2315
31111,2435996000,2316
31115,39936000,2317
56011,317427000,2318
56017,255439000,2319
56023,818437000,2320
56027,139152000,2321
12063,1613180000,2322
27055,634119000,2323
1105,235527000,2324
2122,3028921000,2325
25023,29375318000,2326
46061,157814000,2327
47095,157935000,2328
47099,1162051000,2329
56007,1253274000,2330
55093,1259350000,2331
55097,4412036000,2332
38039,155309000,2333
46115,359115000,2334
18049,736400000,2335
18057,19470291000,2336
18077,1586741000,2337
18127,7641892000,2338
38029,159508000,2339
38057,1015911000,2340
12101,13467243000,2341
47179,6113551000,2342
20163,239671000,2343
39023,4985436000,2344
39139,4940011000,2345
30017,509748000,2346
40129,156039000,2347
40149,268605000,2348
27085,1943544000,2349
31179,461870000,2350
31183,126161000,2351
32017,176968000,2352
32021,239049000,2353
32027,309849000,2354
37003,870291000,2355
35005,2284589000,2356
30021,426063000,2357
49031,71342000,2358
18019,5599922000,2359
38043,146091000,2360
29083,772270000,2361
39041,11603927000,2362
46037,233393000,2363
47061,258379000,2364
47069,708766000,2365
47071,1012825000,2366
29097,5953910000,2367
32029,1973889000,2368
39027,2402110000,2369
21091,890825000,2370
12081,15345924000,2371
41037,354933000,2372
48121,33075853000,2373
48133,927290000,2374
48269,105658000,2375
48327,52820000,2376
28101,519477000,2377
29117,625144000,2378
29121,661989000,2379
46027,606911000,2380
17055,1239468000,2381
16081,378492000,2382
5079,266600000,2383
20201,271348000,2384
20205,371199000,2385
48447,90317000,2386
29139,364643000,2387
47103,1144749000,2388
31121,452249000,2389
31125,144973000,2390
46135,1272618000,2391
5127,271523000,2392
13199,686344000,2393
21211,1725812000,2394
40091,390862000,2395
19037,740524000,2396
55141,4242070000,2397
30079,48255000,2398
38019,411713000,2399
38021,412065000,2400
47027,185361000,2401
47047,1196004000,2402
55027,3917352000,2403
21015,12250301000,2404
21087,179298000,2405
20167,336140000,2406
27035,3013414000,2407
18033,2645908000,2408
18039,16193156000,2409
36015,4135080000,2410
48305,258179000,2411
13091,512607000,2412
46033,241998000,2413
36109,6432476000,2414
40085,482897000,2415
37071,8161493000,2416
21019,3902256000,2417
12011,114760834000,2418
13119,899836000,2419
19149,1557708000,2420
47023,406380000,2421
8007,567800000,2422
38083,49064000,2423
20127,209536000,2424
20129,146835000,2425
20133,668689000,2426
17013,117355000,2427
12015,5695832000,2428
27017,1423442000,2429
31163,107356000,2430
29141,508828000,2431
29145,2111263000,2432
46031,90693000,2433
36039,2519817000,2434
47083,167729000,2435
55133,31294780000,2436
21009,1565778000,2437
29205,179346000,2438
29211,378678000,2439
48331,710143000,2440
48363,1121960000,2441
36041,247048000,2442
36093,9325033000,2443
28077,356574000,2444
22089,7921606000,2445
22093,3260477000,2446
20187,183966000,2447
23009,2596628000,2448
27049,3217395000,2449
13129,2396442000,2450
29007,1039252000,2451
42015,4337040000,2452
46029,1560865000,2453
28097,220297000,2454
38009,456182000,2455
38011,222630000,2456
29215,571545000,2457
29219,862671000,2458
18045,507981000,2459
27065,442924000,2460
21035,1442867000,2461
21053,343413000,2462
28111,312833000,2463
29045,169405000,2464
29073,516789000,2465
54077,745858000,2466
35041,731173000,2467
44005,6068506000,2468
37073,192242000,2469
38013,199107000,2470
19051,289334000,2471
5035,1996479000,2472
51760,25149082000,2473
53023,179694000,2474
20003,270403000,2475
20047,175035000,2476
20119,266599000,2477
20157,232938000,2478
50015,1228737000,2479
40059,251349000,2480
31063,91495000,2481
41029,9978542000,2482
16011,1532330000,2483
38069,236400000,2484
39005,1858667000,2485
17095,1975008000,2486
21157,1468620000,2487
40139,1756916000,2488
48137,82817000,2489
48217,1049557000,2490
48299,774274000,2491
18011,3306307000,2492
20121,1022888000,2493
31143,276494000,2494
32005,2716912000,2495
31087,128184000,2496
31117,25210000,2497
42109,1703791000,2498
23005,22618159000,2499
17035,1219105000,2500
17039,1275776000,2501
20041,750845000,2502
20137,263377000,2503
42025,2537855000,2504
20179,160385000,2505
26151,1393900000,2506
17079,526222000,2507
51021,237342000,2508
40109,62584361000,2509
40083,760311000,2510
40137,1578275000,2511
29123,323596000,2512
29187,1845904000,2513
41041,2181832000,2514
17155,410954000,2515
18023,1623539000,2516
18063,6842523000,2517
18145,2056535000,2518
26161,25616343000,2519
38041,95427000,2520
40063,569682000,2521
35023,229728000,2522
37157,3149814000,2523
37195,4627348000,2524
31181,252709000,2525
37151,4533912000,2526
17101,569448000,2527
12003,637613000,2528
53003,820751000,2529
19011,929464000,2530
31007,44944000,2531
40025,206627000,2532
40147,5282407000,2533
41053,2205882000,2534
13175,2025728000,2535
8123,19889946000,2536
27009,1895552000,2537
27057,758225000,2538
26069,970363000,2539
18135,830443000,2540
31027,445459000,2541
31043,1617888000,2542
55045,1851327000,2543
46025,169446000,2544
17117,1398881000,2545
56009,1681990000,2546
42077,24157030000,2547
49053,6550055000,2548
18153,997634000,2549
19123,996463000,2550
21117,8250674000,2551
29186,668169000,2552
31099,376867000,2553
21105,169052000,2554
13247,4076865000,2555
17077,2794751000,2556
18183,1589178000,2557
27007,1928639000,2558
19015,1036139000,2559
31045,295342000,2560
29229,380675000,2561
30041,833265000,2562
31005,23360000,2563
12043,328180000,2564
39015,888038000,2565
35025,7708283000,2566
38031,257295000,2567
13147,906847000,2568
5097,142650000,2569
6105,534617000,2570
8107,2006516000,2571
12103,54482577000,2572
13017,601668000,2573
51183,399162000,2574
13071,1648617000,2575
41063,371465000,2576
39029,3310778000,2577
48027,17215074000,2578
19065,837503000,2579
19093,568470000,2580
13033,3271005000,2581
48375,8717344000,2582
48461,4022789000,2583
48495,1581830000,2584
19119,903009000,2585
17087,260088000,2586
27079,1155607000,2587
42087,1783739000,2588
20007,223186000,2589
20117,620825000,2590
19121,438135000,2591
19151,586272000,2592
19179,1794987000,2593
27039,776321000,2594
27063,757094000,2595
48415,1677683000,2596
27111,2599028000,2597
27165,581531000,2598
19107,372829000,2599
20207,93230000,2600
21061,185909000,2601
38079,422194000,2602
48193,273030000,2603
48433,157313000,2604
48505,642245000,2605
13297,2697554000,2606
19033,2739043000,2607
17201,15214631000,2608
19059,1017504000,2609
19183,1202894000,2610
20075,225421000,2611
1011,272268000,2612
39113,30843316000,2613
18167,4839472000,2614
37067,27360149000,2615
19063,451231000,2616
27115,757907000,2617
13231,342117000,2618
26021,8088750000,2619
39141,2978602000,2620
48059,325258000,2621
55033,1902842000,2622
28045,1750618000,2623
27143,495250000,2624
20039,145001000,2625
27105,1470252000,2626
19177,255155000,2627
20011,706086000,2628
55087,13270517000,2629
39063,5718342000,2630
39149,3374853000,2631
28079,530371000,2632
29155,510785000,2633
54053,838793000,2634
27149,705412000,2635
36023,2000286000,2636
1003,7223316000,2637
1109,1402060000,2638
4015,6005148000,2639
5091,1446957000,2640
55017,2921724000,2641
55019,1499811000,2642
38047,125782000,2643
38049,259722000,2644
47171,628440000,2645
26059,1599086000,2646
28139,626586000,2647
26029,1231784000,2648
26111,5650311000,2649
35059,198387000,2650
39085,11857149000,2651
35031,2720919000,2652
41071,3900381000,2653
27025,1687777000,2654
12085,8191985000,2655
40029,156464000,2656
28009,269340000,2657
33011,28838608000,2658
36001,34051063000,2659
23029,1167178000,2660
50023,3900571000,2661
1127,2014641000,2662
2164,110912000,2663
29059,297418000,2664
29063,356360000,2665
36007,10126159000,2666
28131,384234000,2667
29049,424259000,2668
48099,1795287000,2669
22027,448231000,2670
24037,7721512000,2671
26047,1862639000,2672
29217,960902000,2673
4019,48387560000,2674
56043,398925000,2675
20005,727644000,2676
46013,2323527000,2677
46017,115846000,2678
31049,89328000,2679
55109,4197508000,2680
55137,712967000,2681
56025,6305893000,2682
40049,1253748000,2683
51800,3987228000,2684
17045,875434000,2685
50001,1755115000,2686
47007,213915000,2687
26113,503693000,2688
26129,617999000,2689
36037,2725757000,2690
50013,198436000,2691
38073,311399000,2692
46069,84813000,2693
56021,5806740000,2694
31185,835244000,2695
33019,1734183000,2696
19193,5502890000,2697
55115,1426210000,2698
1031,1508238000,2699
1123,1457366000,2700
35049,7013692000,2701
47011,4713051000,2702
31107,417820000,2703
21233,556168000,2704
53069,103646000,2705
55095,1736231000,2706
55125,1063285000,2707
41013,909167000,2708
36005,51848797000,2709
36055,49467395000,2710
48319,139211000,2711
48359,282801000,2712
48425,1262549000,2713
54029,1287065000,2714
28119,113806000,2715
55053,966192000,2716
19039,442006000,2717
12091,12766457000,2718
36035,2138098000,2719
39109,4670842000,2720
31085,62394000,2721
31147,421729000,2722
28057,576145000,2723
29037,2743775000,2724
47051,1242281000,2725
16017,1618302000,2726
20099,943373000,2727
31017,228607000,2728
40015,853047000,2729
19091,491166000,2730
29209,739667000,2731
28081,5188521000,2732
55047,718014000,2733
55055,3991561000,2734
5087,364015000,2735
8087,1784958000,2736
39093,10843668000,2737
46053,170306000,2738
46102,343059000,2739
48393,449424000,2740
36089,5091593000,2741
38025,730147000,2742
35035,2965124000,2743
6029,50261412000,2744
6071,104106853000,2745
8063,443231000,2746
54009,1076829000,2747
31135,317841000,2748
17001,3851892000,2749
51071,557246000,2750
32019,1595840000,2751
48013,3197764000,2752
48023,170727000,2753
48033,475501000,2754
48071,3093961000,2755
55041,345968000,2756
39045,4544193000,2757
5033,1743608000,2758
29163,580496000,2759
36083,8795461000,2760
54105,66704000,2761
48019,386239000,2762
51770,7914915000,2763
13275,2367445000,2764
31079,3736542000,2765
8045,3629282000,2766
2198,267943000,2767
13227,1082893000,2768
48181,5357836000,2769
48195,578280000,2770
48211,569655000,2771
48295,477569000,2772
55103,850366000,2773
55065,638466000,2774
13281,391742000,2775
47137,163983000,2776
46083,2808538000,2777
31129,276368000,2778
31157,1810533000,2779
48297,1490429000,2780
46081,1167644000,2781
31001,2018552000,2782
55078,168924000,2783
51710,24009051000,2784
29169,2388323000,2785
20103,2987050000,2786
38063,175142000,2787
38081,815295000,2788
31019,3002902000,2789
31011,447347000,2790
31015,135087000,2791
29175,1342696000,2792
30025,196048000,2793
48101,64548000,2794
48259,2227566000,2795
48463,927518000,2796
19145,650701000,2797
31101,407189000,2798
55013,548521000,2799
36003,1629870000,2800
29065,399290000,2801
55009,19520511000,2802
47017,743129000,2803
55061,871703000,2804
20197,162711000,2805
51700,14703991000,2806
55063,7907861000,2807
50021,2771352000,2808
46019,311037000,2809
48325,1057609000,2810
48329,25784700000,2811
48335,350301000,2812
51077,378921000,2813
8025,153000000,2814
55131,6975252000,2815
34017,51652420000,2816
17037,4388795000,2817
29153,156887000,2818
30011,45637000,2819
31069,87483000,2820
12017,4519101000,2821
20161,2821506000,2822
21059,4857493000,2823
39173,7453898000,2824
17093,3509617000,2825
17127,690145000,2826
39087,1957058000,2827
35043,3517336000,2828
37045,4637986000,2829
55035,6734263000,2830
55099,649988000,2831
31057,191508000,2832
31075,34489000,2833
31105,195749000,2834
28061,536757000,2835
17119,13066955000,2836
21121,692194000,2837
21177,1312833000,2838
54103,728552000,2839
55107,602594000,2840
48443,97652000,2841
48491,23424315000,2842
51009,913675000,2843
51047,1880893000,2844
39145,2764264000,2845
40003,183441000,2846
46119,101028000,2847
19031,674801000,2848
20019,94023000,2849
20079,1387461000,2850
20107,509031000,2851
46101,322451000,2852
55117,7590371000,2853
55139,10971438000,2854
5081,598119000,2855
12083,10747608000,2856
13127,4486594000,2857
29115,456711000,2858
51119,417969000,2859
51139,638753000,2860
37129,13930664000,2861
37167,2006573000,2862
38077,933218000,2863
45079,26703166000,2864
6017,9302830000,2865
12125,324589000,2866
19085,508001000,2867
47015,279318000,2868
48159,391169000,2869
32007,3005649000,2870
17163,12680474000,2871
30111,9607678000,2872
31025,848792000,2873
22019,16662113000,2874
47141,3688983000,2875
47175,102617000,2876
48039,16897873000,2877
48223,1589563000,2878
48321,2356047000,2879
48387,309355000,2880
46137,47698000,2881
47059,2573581000,2882
1099,807742000,2883
42129,15731407000,2884
48003,2868790000,2885
48265,2027324000,2886
48293,1594240000,2887
48437,517157000,2888
6067,102787696000,2889
17143,14099113000,2890
1079,592912000,2891
19069,654427000,2892
16067,882541000,2893
42057,754897000,2894
27037,27583023000,2895
5139,2690071000,2896
27051,293003000,2897
48075,249380000,2898
45031,2937003000,2899
17169,281719000,2900
17171,170459000,2901
54091,524946000,2902
13173,150217000,2903
48237,457135000,2904
20035,1487777000,2905
13131,780757000,2906
20155,2705236000,2907
12117,23462481000,2908
13013,2275536000,2909
45049,525423000,2910
48063,350140000,2911
16077,471078000,2912
49015,938584000,2913
2105,97851000,2914
22039,955959000,2915
51097,149958000,2916
6007,11314675000,2917
13241,593651000,2918
1025,898449000,2919
8067,3308402000,2920
13263,159860000,2921
21037,3571343000,2922
16047,1174700000,2923
48255,6328877000,2924
47111,549454000,2925
48153,406503000,2926
48169,261200000,2927
17199,3138558000,2928
46021,77657000,2929
28093,744270000,2930
29089,263367000,2931
36101,4871359000,2932
37063,37223616000,2933
35029,915188000,2934
29003,340203000,2935
29015,447462000,2936
19129,614034000,2937
21023,167653000,2938
37135,9555568000,2939
38091,146299000,2940
8095,227827000,2941
48207,336501000,2942
54075,295183000,2943
25015,8539314000,2944
21115,481888000,2945
39161,1371191000,2946
29043,1741141000,2947
13097,4768325000,2948
13155,253043000,2949
38075,206415000,2950
38093,1376838000,2951
39003,8660540000,2952
39021,1218398000,2953
1081,6139434000,2954
26127,763101000,2955
26145,8784207000,2956
49039,860191000,2957
50005,1148781000,2958
51167,765968000,2959
41069,39615000,2960
42085,4720616000,2961
22061,2139686000,2962
28027,799366000,2963
51061,2884653000,2964
55029,1411557000,2965
21095,604984000,2966
47079,1321887000,2967
42125,14739057000,2968
6015,983181000,2969
16003,135018000,2970
21107,1833185000,2971
16049,506360000,2972
36063,10683078000,2973
51117,1136705000,2974
13153,7333086000,2975
23001,4899769000,2976
21185,1977975000,2977
27047,1417772000,2978
28003,1280156000,2979
28123,1196803000,2980
42039,3305889000,2981
18025,195007000,2982
21161,1156307000,2983
27003,15764546000,2984
31155,777229000,2985
45075,3154776000,2986
48201,412622392000,2987
39011,2545495000,2988
20115,482295000,2989
20165,160490000,2990
26107,1307380000,2991
40051,1584886000,2992
40077,304445000,2993
18081,5591747000,2994
29103,151299000,2995
29127,1263193000,2996
29161,1673524000,2997
39049,101117429000,2998
22007,512885000,2999
5059,1052828000,3000
5143,11428996000,3001
40011,488913000,3002
29179,261333000,3003
40097,1868511000,3004
26049,16833649000,3005
21057,177852000,3006
39111,2203737000,3007
46105,134259000,3008
42093,1974341000,3009
8057,123172000,3010
33009,7080597000,3011
39101,2969171000,3012
30063,5865095000,3013
36111,7708912000,3014
23017,1924113000,3015
45013,8066316000,3016
34011,6927309000,3017
48345,34206000,3018
25027,46776699000,3019
47187,23165500000,3020
4025,7569941000,3021
8079,77997000,3022
41067,51353044000,3023
18013,299179000,3024
26081,44402534000,3025
26085,251706000,3026
55081,2581949000,3027
21149,273379000,3028
29071,4845586000,3029
29213,2565407000,3030
30091,175550000,3031
19155,4711486000,3032
18087,1943745000,3033
18113,1961193000,3034
29101,1925818000,3035
18151,1486877000,3036
26157,1370102000,3037
29129,124452000,3038
36087,18253681000,3039
47067,99419000,3040
47033,586388000,3041
47159,735088000,3042
48073,1494090000,3043
30047,875576000,3044
31059,398242000,3045
22013,668282000,3046
22085,782825000,3047
24013,6935047000,3048
26109,811524000,3049
4027,8556158000,3050
13105,665656000,3051
21223,542095000,3052
31061,90263000,3053
47077,821387000,3054
48031,388241000,3055
16057,1514676000,3056
37011,687784000,3057
21225,753553000,3058
48501,1974727000,3059
37077,3524192000,3060
13163,621700000,3061
13221,275907000,3062
24041,2272718000,3063
26083,58253000,3064
16005,3214020000,3065
49013,1034206000,3066
51001,1540384000,3067
51109,2214308000,3068
53017,1983192000,3069
5075,468472000,3070
5131,6775014000,3071
6065,95533449000,3072
1069,5714343000,3073
1121,3403531000,3074
4012,792372000,3075
13039,2104395000,3076
40087,1059895000,3077
27027,2176938000,3078
27113,1666248000,3079
29099,5230550000,3080
48117,1566599000,3081
48147,945119000,3082
17065,408679000,3083
45033,872242000,3084
31073,99232000,3085
39075,2553587000,3086
48171,1072721000,3087
55079,63227792000,3088
26139,14984877000,3089
15901,10995468000,3090
51901,12363869000,3091
51903,975707000,3092
51907,5543563000,3093
51911,7809326000,3094
51913,1109303000,3095
51918,3235827000,3096
51919,122736939000,3097
51921,6860064000,3098
51923,1458230000,3099
51929,2510419000,3100
51931,5248037000,3101
51933,5941500000,3102
51939,4004517000,3103
51941,4282463000,3104
51942,21308930000,3105
51944,6675103000,3106
51945,1396967000,3107
51947,8029217000,3108
51949,855982000,3109
51951,6271656000,3110
51953,3830983000,3111
51955,1681773000,3112
51958,2757621000,3113